ESTADO;CIDADE;x;y;TIPO;NOME;TEXTO
CEARÁ;Crato;1054,259;391,633;coletivo;COLETIVO ALTO DE COUTOS ;
SÃO PAULO;São Joaquim da Barra;793,511;812,527;coletivo;COLETIVO AUTRAN NUNES;
SANTA CATARINA;São José;753,127;1008,709;coletivo;COLETIVO BAIRRO DA PAZ;
SÃO PAULO;Capão Bonito;774,888;927,992;coletivo;COLETIVO BATAN;
MINAS GERAIS;Lavras;891,877;830,221;coletivo;COLETIVO BENEDITO BENTES;
MATO GROSSO;Cuiabá;557,865;643,011;coletivo;COLETIVO BETIM;
MINAS GERAIS;Sarzedo;915,424;830,221;coletivo;COLETIVO BOM JARDIM II;
PARANÁ;Ponta Grossa;709,415;958,588;coletivo;COLETIVO BONGI;
MINAS GERAIS;Itajubá;875,296;867,952;coletivo;COLETIVO BOQUEIRÃO;
RIO GRANDE DO SUL;Júlio de Castilhos;622,032;1080,453;coletivo;COLETIVO BRASILÂNDIA;
MATO GROSSO DO SUL;JOÃO PESSOA;579,306;810,822;coletivo;COLETIVO CABANA;
PARANÁ;Terenos;696,849;905,408;coletivo;COLETIVO CABO;
MINAS GERAIS;Marialva;929,183;803,249;coletivo;COLETIVO CIDADE DE DEUS;
PARANÁ;Ouro Preto;739,229;939,209;coletivo;COLETIVO CIDADE NOVA;
PERNAMBUCO;Contenda;1186,985;412,664;coletivo;COLETIVO CIDADE OPERÁRIA;
DISTRITO FEDERAL;Itapissuma;814,44;650,202;coletivo;COLETIVO CLIMA BOM;
SÃO PAULO;Brasília;803,261;823,073;coletivo;COLETIVO COELHOS;
PARANÁ;Batatais;774,888;948,001;coletivo;COLETIVO COQUEIRAL;
MINAS GERAIS;Morretes;779,947;754,516;coletivo;COLETIVO COQUEIROS;
PARÁ;Uberlândia;784,979;195,421;coletivo;COLETIVO COROADINHO;
AMAZONAS;JOÃO PESSOA;454,806;275,894;coletivo;COLETIVO CUBATÃO;
SANTA CATARINA;Ananindeua;641,155;1004,947;coletivo;COLETIVO D. HÉLDER;
RIO GRANDE DO SUL;Manaus;694,002;1121,931;coletivo;COLETIVO ERMELINO MATARAZZO;
MINAS GERAIS;Chapecó;806,932;746,104;coletivo;COLETIVO FELIPE CAMARÃO;
PARANÁ;Cachoeirinha;734,952;970,349;coletivo;COLETIVO HELIÓPOLIS;
PARANÁ;Uberlândia;784,58;970,079;coletivo;COLETIVO IMPERIAL;
ESPIRITO SANTO;Curitiba;1021,202;799,574;coletivo;COLETIVO ITABIRITO;
DISTRITO FEDERAL;Curitiba;799,311;648,612;coletivo;COLETIVO JAGUARÉ;
SANTA CATARINA;Vitória;762,004;1027,484;coletivo;COLETIVO JAPIIM;
PARANÁ;Brasília;771,484;954,458;coletivo;COLETIVO JARDIM COPACABANA;
DISTRITO FEDERAL;Florianópolis;788,064;656,265;coletivo;COLETIVO JARDIM FLORESTA;
MINAS GERAIS;Curitiba;872,33;802,353;coletivo;COLETIVO JARDIM LILIZA;
MINAS GERAIS;Brasília;787,315;757,733;coletivo;COLETIVO JARDIM SANTA LÚCIA;
MINAS GERAIS;Arcos;815,152;752,979;coletivo;COLETIVO JOSÉ BONIFÁCIO;
MINAS GERAIS;Uberlândia;945,142;785,447;coletivo;COLETIVO JUNDIAPEBA;
PARAIBA;Uberlândia;1146,376;400,069;coletivo;COLETIVO LAGOA AZUL;
PARANÁ;Santa Barbara;759,556;947,669;coletivo;COLETIVO LARANJEIRAS;
SÃO PAULO;Campina Grande;868,016;907,998;coletivo;COLETIVO MANGABEIRA;
SANTA CATARINA;Curitiba;762,875;1014,981;coletivo;COLETIVO MARACANAÚ;
MINAS GERAIS;Salesópolis;840,153;678,564;coletivo;COLETIVO MORRO DAS PEDRAS;
SANTA CATARINA;Florianópolis;741,877;1029,234;coletivo;COLETIVO NAZARÉ;
AMAZONAS;Unaí;424,503;275,531;coletivo;COLETIVO NOVA ESPERANÇA II - OSCEIA;
PARANÁ;CURITIBA;719,815;956,775;coletivo;COLETIVO OSWALDO CRUZ;
SÃO PAULO;São José;803,299;835,249;coletivo;COLETIVO PARADA ANGÉLICA;
SANTA CATARINA;Manaus;648,768;1011,341;coletivo;COLETIVO PARADA DE TAIPAS;
MINAS GERAIS;Porto Amazonas;922,974;700,598;coletivo;COLETIVO PARAISÓPOLIS II;
AMAZONAS;São Simão;439,659;231,657;coletivo;COLETIVO PARIPE;
MINAS GERAIS;Chapecó;937,758;661,63;coletivo;COLETIVO PARNAMIRIM;
CEARÁ;Bocaiúva;1054,047;309,598;coletivo;COLETIVO PARQUE;
MINAS GERAIS;Manaus;867,26;790,165;coletivo;COLETIVO PIEDADE;
MARANHÃO;Janaúba;886,484;242,029;coletivo;COLETIVO PIRAMBU;
ALAGOAS;Fortaleza;1130,995;473,48;coletivo;COLETIVO PLANALTO AYRTON SENNA;
ESPIRITO SANTO;Lagoa da Prata;1036,851;796,883;coletivo;COLETIVO PQ. 3 MARIAS;
MINAS GERAIS;São Luís;934,541;756,769;coletivo;COLETIVO PRADO;
ESPIRITO SANTO;Coruripe;1022,356;786,376;coletivo;COLETIVO REDENÇÃO;
TOCANTINS;Vitória;829,92;530,463;coletivo;COLETIVO SAMAMBAIA;
MINAS GERAIS;IMPERATRIZ;961,052;799,245;coletivo;COLETIVO SANTO ANTÔNIO;
MINAS GERAIS;Conceição do Mato Dentro;907,388;801,146;coletivo;COLETIVO SAPOPEMBA;
ALAGOAS;Viana;1139,243;467,217;coletivo;COLETIVO SIMÕES FILHO;
MINAS GERAIS;Palmas;977,528;755,297;coletivo;COLETIVO SOL NASCENTE;
MINAS GERAIS;Nova Lima;961,052;763,736;coletivo;COLETIVO SUMARÉ;
AMAZONAS;Betim;452,877;247,183;coletivo;COLETIVO SUSSUARANA;
RIO GRANDE DO SUL;Arapiraca;674,684;1146,878;coletivo;COLETIVO SUZANA;
MINAS GERAIS;Governador Valadares;892,932;785,619;coletivo;COLETIVO TATUQUARA;
MINAS GERAIS;Ipatinga;900,117;804,517;coletivo;COLETIVO VALENTINA;
MINAS GERAIS;Manaus;914,961;804,239;coletivo;COLETIVO VENTO NORTE;
MINAS GERAIS;Porto Alegre;888,871;802,601;coletivo;COLETIVO VILA ANDRADE;
MINAS GERAIS;Brumadinho;942,154;804,239;coletivo;COLETIVO VILA DE CAVA;
MINAS GERAIS;Itabirito;929,183;770,042;coletivo;COLETIVO VILA RICA;
SANTA CATARINA;Ouro Branco;658,364;999,727;coletivo;COLETIVO VILLAGE;
MATO GROSSO;Oliveira;541,952;656,445;coletivo;COLETIVO ZUMBI;
MATO GROSSO DO SUL;Conselheiro Lafaiete;658,937;839,285;Cooperativa;AARC - ASSOCIAÇÃO DOS AGENTES RECICLADORES DE CRATO;
SÃO PAULO;Belo Horizonte;852,318;913,941;Cooperativa;AARJ - ASSOCIAÇÃO DOS AGENTES RECICLADORES JOAQUINENSES;
PARAIBA;Chapecó;1187,529;394,69;Cooperativa;ABECAN - ASSOCIACAO BENEFICENTE DE COLETORES DE MATERIAIS RECICLAVEIS NASCIMENTO;
PARANÁ;Várzea Grande;771,066;961,587;Cooperativa;ACAMAR - COOPERATIVA DE TRABALHO DOS CATADORES DE MATERIAIS RECICLÁVEIS DE CAPÃO BONITO;
PARAIBA;Brasilândia;1175,407;373,512;Cooperativa;ACAMAR LAVRAS - ASSOCIACAO DOS CATADORES DE MATERIAIS RECICLAVEIS DE LAVRAS;
MARANHÃO;São Paulo;813,35;334,219;Cooperativa;ACAMARC - ASSOCIAÇÃO DOS CATADORES DE MATERIAIS RECICLÁVEIS DE CUIABÁ;
PARANÁ;Fazenda Rio Grande;750,576;954,188;Cooperativa;ACAMARES - ASSOCIAÇÃO DE CATADORES DE MATERIAIS RECICLÁVEIS DE SARZEDO;
PARANÁ;Curitiba;755,914;940,884;Cooperativa;ACAMARO - ASSOCIAÇÃO DOS CATADORES DE MATERIAIS RECICLÁVEIS DO BAIRRO DE OFICINAS;
BAHIA;Catu;1085,681;576,301;Cooperativa;ACARI - ASSOCIACAO DE CATADORES AUTONOMOS DE RECICLAGEM ITAJUBENSE;
CEARÁ;Fortaleza;1039,181;291,766;Cooperativa;ACASMAR - ASSOCIAÇÃO CASTILHENSE DE SELEÇÃO DE MATERIAIS RECICLÁVEIS;
MINAS GERAIS;Belo Horizonte;913,041;772,295;Cooperativa;ACATE - ASSOCIAÇÃO DE CATADORES DE RECICLÁVEIS DE TERENOS;
MINAS GERAIS;UBERLÂNDIA;804,757;759,946;Cooperativa;ACLIMAR - ASSOCIACAO DOS CATADORES DE MATERIAIS RECICLAVEIS DE MARIALVA;
BAHIA;Lauro de Freitas;1062,129;566,57;Cooperativa;ACMAR - ASSOCIAÇÃO DE CATADORES DE MATERIAIS RECLÁVEIS DE RANCHARIA;
BAHIA;Salvador;1071,737;576,301;Cooperativa;ACMRC - ASSOCIAÇÃO DE CATADORES DE MATERIAIS RECICLÁVEIS DE CONTENDA;
MINAS GERAIS;Mariana;935,811;795,998;Cooperativa;ACMRPJS - ASSOCIAÇÃO DOS CATADORES E CATADORAS DE MATERIAIS RECICLÁVEIS PADRE JOSÉ SEVAT;
RONDONIA;Porto Velho;371,701;466,211;Cooperativa;ACOBRAZ - ASSOCIAÇÃO DOS CATADORES E RECICLADORES DE RESIDUOS SÓLIDOS DE BRAZLÂNDIA;
DISTRITO FEDERAL;Brasília;802,118;668,002;Cooperativa;ACOMAR - ASSOCIAÇÃO DOS COLETORES E PRESTADORES DE SERVIÇOS NA COLETA DE MATERIAIS RECICLÁVEIS DE BATATAIS;
PARAIBA;João Pessoa;1160,784;383,075;Cooperativa;ACOMAREM - ASSOCIACAO DOS COLETORES DE MATERIAIS RECICLAVEIS DE MORRETES;
PARAIBA;Campina Grande;1136,31;405,611;Cooperativa;ACOPPPMAR - ASSOCIAÇAO DE COLETORES DE PLASTICO , PET ,PVC E OUTROS MATERIAIS RECICLAVEIS;
BAHIA;Brumado;990,336;612,291;Cooperativa;ACPT - ASSOCIACAO '' CIDADANIA PARA TODOS '';
PARANÁ;Curitiba;741,877;972,09;Cooperativa;ACR - ASSOCIAÇÃO DE CATADORES DE RECICLÁVEIS;
BAHIA;Caculé;973,058;621,918;Cooperativa;ACRAN - ASSOCIAÇÃO DE CATADORES DE MATERIAIS RECICLÁVEIS AMIGOS DA NATUREZA;
PARANÁ;Curitiba;743,917;949,008;Cooperativa;ACRER - ASSOCIAÇÃO DOS CLASSIFICADORES DE RESÍDUOS RECICLÁVEIS;
MINAS GERAIS;Belo Horizonte;945,787;772,647;Cooperativa;ACRU - ASSOCIAÇÃO DE CATADORES E RECICLADORES DE UBERLÂNDIA;
PARÁ;Belém;770,099;203,865;Cooperativa;ÁGUA NASCENTE - ASSOCIACAO DE CATADORES DE MATERIAIS RECICLAVEIS AGUA NASCENTE;
RIO GRANDE DO SUL;Rio Pardo;651,936;1106,391;Cooperativa;AMAR EBENEZER - ASSOCIAÇÃO DE CATADORES DE MATERIAIS RECICLAVEIS AMAR EBENEZER;
RIO GRANDE DO SUL;Cachoeira do Sul;633,278;1111,771;Cooperativa;AMARIV - ASSOCIAÇÃO DE CATADORES DE MATERIAIS RECICLÁVEIS DA ILHA DE VITORIA;
MINAS GERAIS;Baldim;917,673;750,727;Cooperativa;AMBIENTE - ASSOCIACAO DOS CATADORES AMBIENTALISTAS DA ESTRUTURAL;
DISTRITO FEDERAL;Brasília;818,126;656,437;Cooperativa;AMIGOS DA NATUREZA - ASSOCIAÇÃO DE CATADORES AMIGOS DA NATUREZA;
BAHIA;Feira de Santana;1102,806;538,07;Cooperativa;AMIGOS DA NATUREZA PR - ASSOCIAÇÃO DE CATADORES DE MATERIAIS RECICLAVEIS AMIGOS DA NATUREZA;
SERGIPE;Boquim;1113,84;511,886;Cooperativa;APCORC - ASSOCIAÇÃO PRE-COOPERATIVISTA DOS CATADORES E RECICLADORES DE RESIDUOS SÓLIDOS DE CEILÂNDIA - DF;
RIO GRANDE DO SUL;Novo Hamburgo;699,032;1077,293;Cooperativa;ARA - ASSOCIAÇÃO DE RECICLADORES ARCOENSES;
PERNAMBUCO;Petrolina;1020,926;444,385;Cooperativa;ARBE - ASSOCIAÇÃO DOS RECICLADORES BOA ESPERANÇA;
RIO GRANDE DO SUL;Santa Cruz do Sul;643,022;1094,168;Cooperativa;ARCA - ASSOCIAÇÃO DE RECICLADORES E CATADORES E  AUTÔNOMOS;
RIO GRANDE DO SUL;Encruzilhada do Sul;647,691;1131,351;Cooperativa;AREMPAT - ASSOCIAÇÃO DE RECICLAGEM MULHERES PADRE TROMBET;
PERNAMBUCO;Cabo de Santo Agostinho;1153,303;416,813;Cooperativa;ARENSA - ASSOCIAÇÃO DE CATADORES DE MATERIAIS RECICLÁVEIS DA COMUNIDADE NOSSA SENHORA APARECIDA;
RIO DE JANEIRO;MESQUITA;928,852;890,444;Cooperativa;AREPAR - ASSOCIACAO DE CATADORES DE MATERIAIS RECICLÁVEIS ESPERANCA DO PAROLIN;
BAHIA;Rio de Janeiro;1050,882;455,48;Cooperativa;ARES - ASSOCIAÇÃO DOS RECICLADORES DE SALESÓPOLIS;
MARANHÃO;Curaçá;915,445;264,45;Cooperativa;ARESP - ASSOCIAÇÃO DE RECICLADORES ESPERANÇA;
RIO DE JANEIRO;Paço do Lumiar;931,035;872,592;Cooperativa;AREUNA - ASSOCIAÇÃO RECICLA UNAÍ;
PARÁ;Mesquita;807,736;191,386;Cooperativa;ARM - ASSOCIAÇÃO DE RECICLADORES DE MATERIAIS RECICLÁVEIS MACHADO;
ALAGOAS;São João de Pirabas;1145,078;483,768;Cooperativa;ARPA - ASSOCIAÇÃO DE RECICLAGEM E PRESERVAÇÃO AMBIENTAL;
SÃO PAULO;Campo Alegre;779,279;819,723;Cooperativa;ARPA PARANA - ASSOCIACAO DOS RECICLADORES DE PORTO AMAZONAS;
SÃO PAULO;Morro Agudo;818,181;868,628;Cooperativa;ARS - ASSOCIAÇÃO DE RECICLAGEM SIMONENSE SP;
SÃO PAULO;Mogi Guaçu;791,789;917,227;Cooperativa;ARSOL - ASSOCIAÇÃO DE CATADORES DE MATERIAIS RECICLÁVEIS SOLIDÁRIOS DE CHAPECÓ;
RIO DE JANEIRO;São Paulo;957,183;883,261;Cooperativa;ASCABOC - ASSOCIAÇÃO DOS CATADORES DE MATERIAIS RECICLÁVEIS DE BOCAIÚVA;
SÃO PAULO;Duque de Caxias;831,737;885,163;Cooperativa;ASCAFIGUAMA - ASSOCIAÇÃO DE CATADORES FILHOS(AS) DE GUADALUPE DO MUNICÍPIO DE MANAUS;
RIO GRANDE DO SUL;Guarulhos;712,095;1112,888;Cooperativa;ASCAJ - ASSOCIAÇÃO DOS CATADORES DE MATERIAIS RECICLÁVEIS UNIDOS POR JANAÚBA;
PARANÁ;São Leopoldo;613,069;931,778;Cooperativa;ASCAJAN - ASSOCIAÇÃO DOS CATADORES DE JANGURUSSU;
MINAS GERAIS;Marechal Cândido Rondon;829,567;777,722;Cooperativa;ASCALP - ASSOCIACAO DE CATADORES DE PAPEL, PAPELAO E MATERIAIS REAPROVEITAVEIS DE LAGOA DA PRATA;
MATO GROSSO DO SUL;Araxá;586,445;773,655;Cooperativa;ASCAMARCO - ASSOCIAÇÃO DE CATADORES DE MATERIAIS RECICLÁVEIS DA REGIÃO DA CIDADE OPERARIA E CIDADE OLÍMPICA;
MINAS GERAIS;São Gabriel do Oeste;977,715;802,601;Cooperativa;ASCAMARE AL - ASSOCIAÇÃO DOS CATADORES E CATADORAS DE MATERIAIS RECICLÁVEIS SÃO JOSÉ;
SÃO PAULO;Manhumirim;813,694;882,891;Cooperativa;ASCAMARE ES - ASSOCIAÇÃO DOS CATADORES DE MATERIAIS RECICLÁVEIS DE VITÓRIA;
SÃO PAULO;Campinas;786,499;896,722;Cooperativa;ASCAMATO - ASSOCIAÇÃO DE CATADORES DE MATERIAIS RECICLÁVEIS DO MUNICÍPIO DE CMD;
SÃO PAULO;São Paulo;792,042;890,558;Cooperativa;ASCAMAVI - ASSOCIAÇÃO DE CATADORES DE MATERIAIS RECICLÁVEIS DO MUNICÍPIO DE VIANA;
RIO DE JANEIRO;São Paulo;922,769;869,83;Cooperativa;ASCAMPA - ASSOCIAÇÃO DOS CATADORES CATADORAS DE MATERIAIS RECICLÁVEIS DA REGIÃO CENTRO NORTE DE PALMAS;
RIO DE JANEIRO;Barra do Piraí;939,26;862,414;Cooperativa;ASCAP - ASSOCIAÇÃO DOS CATADORES DE PAPÉIS E MATERIAIS RECICLÁVEL DE NOVA LIMA;
RIO DE JANEIRO;Itaboraí;970,342;875,26;Cooperativa;ASCAPEL - ASSOCIAÇÃO DOS CATADORES DE PAPEL, PAPELÃO E MATERIAIS REAPROVEITAVEIS DE BETIM;
RIO DE JANEIRO;São Gonçalo;959,286;863,615;Cooperativa;ASCARA - ASSOCIAÇÃO DE CATADORES DE RESIDUOS SÓLIDOS DE ARAPIRACA;
DISTRITO FEDERAL;Brasília;789,157;663,425;Cooperativa;ASCARF - ASSOCIACAO DOS CATADORES DE RESIDUOS SOLIDOS RECICLANDO HOJE POR UM FUTURO MELHOR DE GOVERNADOR VALADARES;
SERGIPE;Nossa senhora do Socorro;1137,535;502,229;Cooperativa;ASCARI - ASSOCIAÇÃO DOS CATADORES DE MATERIAIS RECICLÁVEIS DE IPATINGA;
SÃO PAULO;Campinas;820,919;878,22;Cooperativa;ASCARMAN - ASSOCIAÇÃO DE CATADORES RECICLÁVEIS DO AMAZONAS;
SÃO PAULO;Santos;836,075;926,276;Cooperativa;ASCAT - COOPERATIVA DOS CATADORES DE MATERIAIS RECICLÁVEIS DA CAVALHADA;
MINAS GERAIS;Paracatu;833,564;699,319;Cooperativa;ASCAVAP - ASSOCIAÇÃO DOS CATADORES DE MATERIAIS RECICLÁVEIS DO VALE DO PARAOPEBA;
PARANÁ;Maringá;667,162;908,517;Cooperativa;ASCITO - ASSOCIAÇÃO DOS CATADORES DE MATERIAIS RECICLÁVEIS DE ITABIRITO;
BAHIA;Caetité;964,495;601,528;Cooperativa;ASCOB - ASSOCIAÇÃO DOS CATADORES DE MATERIAIS RECICLÁVEIS E REAPROVEITAVEIS DE OURO BRANCO;
SÃO PAULO;Colina;769,669;808,397;Cooperativa;ASCOL - ASSOCIACAO DOS CATADORES DE MATERIAIS RECICLAVEIS DE OLIVEIRA;
RIO GRANDE DO SUL;São Leopoldo;693,07;1103,958;Cooperativa;ASMARCOL - ASSOCIAÇÃO DOS CATADORES DE MATERIAIS RECICLÁVEIS DE CONSELHEIRO LAFAIETE;
DISTRITO FEDERAL;Brasília;792,631;667,214;Cooperativa;ASMARE - ASSOCIAÇÃO DOS CATADORES DE PAPEL, PAPELÃO E MATERIAIS REAPROVEITÁVEIS DE BELO HORIZONTE;
PARANÁ;Sarandi;680,394;913,941;Cooperativa;ASMAVI - ASSOCIAÇÃO DE CATADORES DE MATERIAIS RECICLÁVEIS NOVA VIDA;
SÃO PAULO;Diadema;816,69;933,948;Cooperativa;ASSCAVAG - ASSOCIAÇÃO DOS CATADORES DE MATERIAIS RECICLÁVEIS DE VÁRZEA GRANDE;
BAHIA;Juazeiro;1031,144;467,794;Cooperativa;ASSOBRAA - ASSOCIAÇÃO BRASILANDENSE DE AGENTES AMBIENTAIS;
SÃO PAULO;São Paulo;813,603;929,129;Cooperativa;ASSOCIAÇÃO 28 - ASSOCIAÇÃO VINTE E OITO COMUNIDADE ESPERANÇA;
BAHIA;Salvador;1082,246;536,331;Cooperativa;ASSOCIAÇÃO ACORDO VERDE JARDIM CIDADE UNIVERSITÁRIA;
BAHIA;Jequié;1038,603;607,247;Cooperativa;ASSOCIACAO DE CATADORES COMUNIDADE UNIDA - ASSOCIAÇÃO DE CATADORES DE MATERIAIS RECICLÁVEIS COMUNIDADE UNIDA DE FAZENDA RIO GRANDE;
SÃO PAULO;São Paulo;845,165;910,367;Cooperativa;ASSOCIAÇÃO DE CATADORES E CATADORAS DE MATERIAIS RECICLÁVEIS DE JOÃO PESSOA;
SÃO PAULO;Paulínia;801,891;882,496;Cooperativa;ASSOCIACAO DOS CATADORES DE MATERIAIS RECICLAVEIS DE IMPERATRIZ;
BAHIA;Salvador;1053,554;559,291;Cooperativa;ASSOCIAÇÃO DOS CATADORES DE MATERIAIS RECICLÁVEIS E ECONOMIA SOLIDARIA DO MUNICÍPIO DA SERRA;
RIO DE JANEIRO;Duque de Caxias;939,26;871,68;Cooperativa;ASSOCIAÇÃO DOS CATADORES DE MATERIAIS RECICLÁVEIS TAXI;
DISTRITO FEDERAL;Brasília;817,078;665,728;Cooperativa;ASSOCIAÇÃO ECO FRANK - ASSOCIAÇÃO DE CATADORES DE MATÉRIAS RECICLÁVEIS ECO FRANK;
PARANÁ;Maringá;693,738;892,629;Cooperativa;ASSOCIAÇÃO SÃO JUDAS - ASSOCIAÇÃO BENEFICENTE E COMUNIT. SÃO JUDAS DO BOM VIVER;
PARANÁ;Maringá;678,672;889,404;Cooperativa;ASSOCIAÇÃO VIVA A VIDA;
MINAS GERAIS;Belo Horizonte;899,292;762,196;Cooperativa;ASSOCIRECICLE - ASSOCIAÇÃO DOS RECICLADORES DE BELO HORIZONTE;
MATO GROSSO;Tangará da Serra;502,474;610,304;Cooperativa;ASSOTAIAMAN;
PARANÁ;União da Vitória;695,714;977,478;Cooperativa;CAELF - COOPERATIVA DE CATADORES E AGENTES ECOLÓGICOS DE LAURO DE FREITAS;
MINAS GERAIS;Uberaba;800,873;782,546;Cooperativa;CAMAPET - COOPERATIVA DE COLETA SELETIVA, PROCESSAMENTO DE PLÁSTICO E PROTEÇÃO AMBIENTAL;
MATO GROSSO DO SUL;Campo Grande;595,049;816,672;Cooperativa;CAMAR - ASSOCIAÇÃO DE CATADORES DE MATERIAL RECICLÁVEL DE MARIANA;
PARANÁ;Maringá;664,742;894,59;Cooperativa;CATA NORTE - COOPERATIVA RONDONIENSE DE CATADORES E CATADORAS DE MATERIAIS RECICLAVEIS;
RIO GRANDE DO SUL;São Leopoldo;689,82;1088,555;Cooperativa;CATAGUAR - ASSOCIACAO DOS CATADORES DE PAPEL PAPELAO E MATERIAIS RECICLAVEIS DO GUARA;
MINAS GERAIS;Belo Horizonte;886,542;771,204;Cooperativa;CATAJAMPA - ASSOCIAÇÃO DOS CATADORES E CATADORAS DE MATERIAIS REUTILIZÁVEIS E RECICLÁVEIS DE JOÃO PESSOA;
RIO DE JANEIRO;Duque de Caxias;951,637;870,423;Cooperativa;CATAMAIS - CATAMAIS COOPERATIVA DE CATADORES E CATADORAS DE MATERIAIS RECICLAVEIS DE CAMPINA GRANDE LTDA;
ALAGOAS;Marechal Deodoro;1157,914;483,768;Cooperativa;CATAMARB - COOPERATIVA DE CATADORES DE MATERIAIS RECICLÁVEIS DE BRUMADO;
RIO DE JANEIRO;Rio de Janeiro;950,607;887,021;Cooperativa;CATAMARE - COOPERATIVA DE CATADORES E CATADORAS DE MATERIAIS RECICLÁVEIS DE CURITIBA E REGIÃO METROPOLITANA;
ALAGOAS;Maceió;1172,03;470,382;Cooperativa;CATANDO A VIDA - COOPERATIVA DE CATADORES CATANDO A VIDA LTDA;
PARÁ;Santarém;597,324;231,657;Cooperativa;CATAPARANA - COOPERATIVA DE TRABALHO, SOLIDARIA E POPULAR - REDE DE TRANSFORMACAO E BENEFICIAMENTO DE MATERIAIS RECICLAVEIS;
SERGIPE;Itabaiana;1114,052;490,955;Cooperativa;CATAUNIDOS - COOPERATIVA DE RECICLAGEM DOS CATADORES DA REDE ECONOMIA SOLIDÁRIA - CATAUNIDOS;
SÃO PAULO;Guará;789,627;801,092;Cooperativa;CCMRFS - COOPERATIVA DE CATADORES DE MATERIAIS RECICLAVEIS FILHOS DO SOL;
MATO GROSSO;Cuiabá;556,598;662,825;Cooperativa;COCAMARP - COOPERATIVA DE CATADORES DE MATERIAIS RECICLÁVEIS DE RIO PARDO;
PERNAMBUCO;Abreu e Lima;1171,112;440,618;Cooperativa;COCARI - COOPERATIVA DE TRABALHO DOS RECICLADORES SOLIDÁRIOS EM DEFESA DO MEIO AMBIENTE DE CACHOEIRA DO SUL;
SERGIPE;Aracaju;1127,997;513,843;Cooperativa;COMARB - ASSOCIAÇÃO DOS TRABALHADORES COM MATERIAS RECICLÁVEIS DE BALDIM;
SERGIPE;Itabaianinha;1102,806;515,675;Cooperativa;CONSTRUIR - COOPERATIVA DE TRABALHO DE RECICLAGEM AMBIENTAL;
BAHIA;Guanambi;1053,554;559,291;Cooperativa;COOBAFS - COOPERATIVA DOS BADAMEIROS DE FEIRA DE SANTANA;
RIO GRANDE DO SUL;Viamão;705,248;1141,026;Cooperativa;COOCMAR - COOPERATIVA DE CATADORES DE MATERIAL RECICLÁVEL DO MUNICÍPIO DE BOQUIM;
BAHIA;Salvador;1066,307;544,564;Cooperativa;COOLABORE FILIAL 2 - COOPERATIVA DE TRABALHO, LIMPEZA URBANA E RECICLAGEM COOLABORE;
SÃO PAULO;Arujá;796,952;910,923;Cooperativa;COOMARCA - COOPERATIVA DE CATADORES DE MATERIAIS RECICLAVEIS DE PETROLINA;
MINAS GERAIS;Uberlândia;791,193;746,469;Cooperativa;COOMCAT - COOPERATIVA DE CATADORES E RECICLADORES DE SANTA CRUZ DO SUL;
MATO GROSSO;Campo Verde;590,552;660,055;Cooperativa;COOMCREAL - COOPERATIVA MISTA DE COLETA E RECICLAGEM DE MATERIAIS REAPROVEITÁVEIS, EDUCAÇÃO AMBIENTAL DE ENCRUZILHADA DO SUL;
PARANÁ;Ribeirão Claro;735,869;896,759;Cooperativa;COOMSERC - COOPERATIVA MISTA DE SERVIÇO DO CABO DE SANTO AGOSTINHO;
SÃO PAULO;Poá;824,269;933,801;Cooperativa;COOP COELHO NETO - COOPERATIVA DE TRABALHO E PRODUÇÃO DOS CATADORES DE MATERIAIS RECICLÁVEIS DE COELHO NETO;
RIO GRANDE DO SUL;Porto Alegre;682,395;1133,422;Cooperativa;COOPARC - COOPERATIVA DE TRABALHO EM COLETA SELETIVA E RECICLAGEM DE CURAÇÁ;
RIO GRANDE DO SUL;São Lourenço do Sul;652,402;1173,643;Cooperativa;COOPCARE - COOPERATIVA DOS CATADORES DE MATERIAIS RECICLÁVEIS DE PAÇO DO LUMIAR;
RIO GRANDE DO SUL;Santo Ângelo;608,372;1054,774;Cooperativa;COOPCARMO - COOPERATIVA MISTA DE COLETA SELETIVA E REAPROVEITAMENTO DE MESQUITA LTDA;
RIO DE JANEIRO;Volta Redonda;912,053;870,153;Cooperativa;COOPECAPI - COOPERATIVA DE CATADORES DE SAO JOAO DE PIRABAS;
PARANÁ;Curitiba;739,543;960,203;Cooperativa;COOPECMARCA - COOPERATIVA DOS CATADORES DE MATERIAIS RECICLÁVEIS DE CAMPO ALEGRE;
SÃO PAULO;Guararema;856,972;901,8;Cooperativa;COOPEMAR - COOPERATIVA DE CATADORES AUTÔNOMOS DE MATERIAIS RECICLÁVEIS DE MORRO AGUDO;
SÃO PAULO;Guarulhos;786,016;905,408;Cooperativa;COOPER 3 RS - ASSOCIAÇÃO COOPER 3RS;
SÃO PAULO;Guarulhos;793,511;899,901;Cooperativa;COOPER CENTRAL TIETE - COOPERATIVA DE PRODUCAO, COLETA, TRIAGEM, TRANSF., COML. DE RECICLAVEIS E RECICLADOS TIETE COOPER. CENTRAL TIETE;
SÃO PAULO;São Paulo;849,504;917,227;Cooperativa;COOPER NOVA ERA - COOPERATIVA DE TRABALHO DE CATADORES NOVA ERA DE MATERIAL RECICLÁVEL;
AMAZONAS;Manacapuru;392,464;274,676;Cooperativa;COOPER RESPIRA BRASIL - COOPERATIVA DE TRABALHO DE CATADORAS E CATADORES DE MATERIAIS RECICLAVEIS RESPIRA BRASIL;
MATO GROSSO;Nova Mutum;563,648;580,336;Cooperativa;COOPER SANTO ANTONIO - COOPERATIVA DE TRABALHO DOS RECICLADORES DO LOTEAMENTO SANTO ANTONIO;
RIO GRANDE DO SUL;Porto Alegre;690,431;1152,641;Cooperativa;COOPERAGIR - COOPERATIVA DOS AGENTES AMBIENTAIS - COOPERAGIR;
MINAS GERAIS;Ouro Preto;933,174;791,963;Cooperativa;COOPERARE - COOPERATIVA DOS PRODUTORES DE MATERIAIS RECICLÁVEIS DE ARAXÁ;
PERNAMBUCO;Recife;1144,259;436,74;Cooperativa;COOPERASGO - COOPERATIVA REGIONAL DE COLETA SELETIVA E RECICLAGEM DE SÃO GABRIEL DO OESTE;
PARANÁ;Curitiba;751,491;976,066;Cooperativa;COOPERATIVA AGUAPÉ - COOPERATIVA MISTA DE TRABALHO E PRODUÇÃO DE COLETA SELETIVA, REAPROVEITAMENTO E RECICLAGEM DO LIXO LTDA AGUAPÉ;
RIO DE JANEIRO;Pinheiral;918,585;871,68;Cooperativa;COOPERATIVA ALIANÇA - COOPERATIVA ALIANÇA DE COLETA DE MATERIAIS RECICLÁVEIS SÃO JUDAS TADEU;
SANTA CATARINA;São José;746,463;1039,247;Cooperativa;COOPERATIVA CHICO MENDES - COOPERATIVA DE TRABALHO COM MATERIAIS REAPROVEITÁVEIS E RECICLÁVEIS CHICO MENDES;
DISTRITO FEDERAL;Brasília;790,872;649,938;Cooperativa;COOPERATIVA FILADELPHIA - COOPERATIVA DE TRABALHO DE CATADORES DE MATERIAIS RECICLAVEIS FILADELPHIA;
PERNAMBUCO;Recife;1158,13;440,318;Cooperativa;COOPERATIVA PARAÍSO - COOPERATIVA DE TRABALHO DE CATADORES DE MATERIAIS RECICLÁVEIS PARAISO;
CEARÁ;Fortaleza;1082,696;314,317;Cooperativa;COOPERATIVA POPULAR DE RECICLAGEM E SERVIÇOS MULHERES DA BAIXADA LTDA;
MINAS GERAIS;Carmo do Rio Claro;854,896;811,188;Cooperativa;COOPERATIVA RECOOPERAR DE ITABORAI - COOPERATIVA RECOOPERAR DE CATADORES DE MATERIAL RECICLÁVEL DE ITABORAÍ;
DISTRITO FEDERAL;Brasília;808,704;667,214;Cooperativa;COOPERATIVA RECOOPERAR DE SÃO GONÇALO - COOPERATIVA RECOOPERAR DE CATADORES DE MATERIAIS RECICLÁVEIS DE SÃO GONÇALO;
BAHIA;Vitória da Conquista;1012,255;632,554;Cooperativa;COOPERATIVA RENOVE - COOPERATIVA DE TRABALHO RENOVE DE RESIDUOS SOLIDOS DE BRASILIA(CTRRSB);
SANTA CATARINA;Florianópolis;775,282;1017,842;Cooperativa;COOPERATIVA REVIRAVOLTA - COOPERATIVA DE RECICLAGEM REVIRAVOLTA DE NOSSA SENHORA DO SOCORRO;
PARÁ;Benevides;784,979;215,991;Cooperativa;COOPERATIVA SANTA GENEBRA - COOPERATIVA DE TRABALHO DE PRODUÇÃO DOS PROFISSIONAIS EM COLETA PROCESSAMENTO E COMERCIALIZAÇÃO DE MATERIAIS RECICLAVEIS E REUTILIZAVEIS SANTA GENEBRA;
RIO DE JANEIRO;Rio de Janeiro;921,061;887,021;Cooperativa;COOPERBRASIL - COOPERTAIVA DE TRABALHO BRASILEIRA DE CATADORES DE MATERIAIS RECICLEVEIS E EDUCAÇÃO AMBIENTAL;
PARÁ;São Miguel do Guamá;802,104;218,03;Cooperativa;COOPERCICLA PARACATU - COOPERATIVA DOS CATADORES E RECICLADORES DO NOROESTE DE MINAS LTDA;
RIO DE JANEIRO;Volta Redonda;907,677;868,462;Cooperativa;COOPERCICLA PR - ASSOCIAÇÃO DE AGENTES ECOLÓGICOS E RECICLADORES;
ESPIRITO SANTO;Serra;1030,393;804,239;Cooperativa;COOPERCICLI - COOPERATIVA DE TRABALHO DE COLETA SELETIVA DOS CATADORES DE CAETITÉ;
ESPIRITO SANTO;SERRA;;;Cooperativa;COOPERCOLINA - COOPERATIVA DOS CATADORES DE MATÉRIAIS RECICLÁVEIS DE COLINA;
PERNAMBUCO;Petrolina;1037,24;442,713;Cooperativa;COOPERCONQUISTA - COOPERATIVA DE TRABALHO DE CATADORES NOVA CONQUISTA;
ESPIRITO SANTO;Vila Velha;1036,639;785,269;Cooperativa;COOPERE - COOPERATIVA DE TRABALHO DE MATERIAIS RECICLÁVEIS E REUTILIZÁVEIS AMBIENTAL;
MINAS GERAIS;Santos Dumont;932,165;826,714;Cooperativa;COOPERECOLOGICA - COOPERATIVA DE TRANSFORMAÇÃO E COMERCIALIZAÇÃO DE PLÁSTICOS E MATERIAIS RECICLÁVEIS DE SARANDI;
SANTA CATARINA;Florianópolis;770,632;1039,593;Cooperativa;COOPERFENIX SP - COOPERATIVA DE TRABALHO DE CATADORES DE MATERIAIS RECICLÁVEIS FENIX;
MINAS GERAIS;Nova União;936,089;744,42;Cooperativa;COOPERFITZ - COOPERATIVA DE CATADORES DE MATERIAIS RECICLÁVEIS DE JUAZEIRO;
RIO GRANDE DO SUL;São Leopoldo;719,707;1127,444;Cooperativa;COOPERGLICÉRIO - COOPERATIVA DE TRABALHO E DA COLETA SELETIVA DOS CATADORES DA BAIXADA DO GLICERIO;
PARANÁ;Curitiba;763,706;979,027;Cooperativa;COOPERGUARY - COOPERATIVA DE TRABALHO DOS AGENTES ECOLÓGICOS DO PARAGUARY;
RIO GRANDE DO SUL;Novo Hamburgo;707,068;1093,084;Cooperativa;COOPERJE - COOPERATIVA DE CATADORES RECICLA JEQUIÉ;
RIO GRANDE DO SUL;Portão;678,574;1084,378;Cooperativa;COOPERLESTE DE SAO MATEUS - COOPERATIVA DE PRODUCAO, COLETA, TRIAGEM E BENEFICIAMENTO DE MATERIAIS RECICLAVEIS DE SAO MATEUS;
RIO GRANDE DO SUL;São Leopoldo;721,789;1096,874;Cooperativa;COOPERLÍNIA - COOPERATIVA DE PROFISSIONAIS DA AREA DE RECICLAGEM DO BRASIL;
SÃO PAULO;Suzano;799,476;922,045;Cooperativa;COOPERLIX - COOPERATIVA DE RECICLAGEM DE LIXO;
BAHIA;Entre Rios;1083,523;549,684;Cooperativa;COOPERMETROPOLITANO - COOPERATIVA DE CATADORES DE MATERIAIS RECICLÁVEIS DO POLO DE RECICLAGEM JARDIM GRAMACHO;
SANTA CATARINA;Chapecó;667,892;1011,341;Cooperativa;COOPERNÓES - COOPERATIVA DE TRABALHO DE MATERIAL RECICLADO E DE EDUCAÇÃO AMBIENTAL NOVA ESPERAÇA;
PARANÁ;Curitiba;773,07;976,066;Cooperativa;COOPERNORTE - COOPERATIVA NORTE DE MARINGÁ DE SEPARADORES E SEPARADORAS DE MATERIAIS RECICLÁVEIS E PRESTADORES DE SERVIÇOS;
SÃO PAULO;São Paulo;805,218;926,537;Cooperativa;COOPERPALMEIRAS - COOPERATIVA DE MATERIAIS RECICLÁVEIS DO PARQUE DAS PALMEIRAS;
SÃO PAULO;São Paulo;831,609;927,016;Cooperativa;COOPERSOLI - COOPERATIVA SOLIDÁRIA DOS RECICLADORES E GRUPOS PRODUTIVOS DO BARREIRO E REGIÃO;
SANTA CATARINA;São José;748,407;1020,2;Cooperativa;COOPERTAN - COOPERATIVA DE PRODUÇÃO DE MATERIAL RECICLAVEL DE TANGARA DA SERRA, ESTADO DE MATO GROSSO;
BAHIA;SALVADOR;1100,423;558,25;Cooperativa;COOPERTRAGE - COOPERATIVA DE TRABALHO DOS AGENTES ECOLÓGICOS;
CEARÁ;FORTALEZA;1082,696;291,766;Cooperativa;COOPERU - COOPERATIVA DOS RECOLHEDORES AUTÔNOMOS DE RESÍDUOS SÓLIDOS E MATERIAIS RECICLÁVEIS DE UBERABA;
BAHIA;SALVADOR;1071,737;559,291;Cooperativa;COOPERVIDA - COOPERATIVA DE AGENTES RECICLADORES VIDA NOVA;
RIO DE JANEIRO;RIO DE JANEIRO;928,082;885,919;Cooperativa;COOPERVIDROS - COOPERATIVA DE PROCESSAMENTO E COMERCIALIZAÇÃO DE VIDROS E MATERIAIS RECICLÁVEIS;
ALAGOAS;MACEIO;1168,405;449,889;Cooperativa;COOPERVITÓRIA - COOPERATIVA DE TRABALHO DE CATADORES VITORIA;
MINAS GERAIS;BETIM;904,178;793,026;Cooperativa;COOPESOL LESTE - COOPERATIVA SOLIDÁRIA DOS TRABALHADORES E GRUPOS PRODUTIVOS DA REGIÃO LESTE;
CEARÁ;FORTALEZA;1069,973;283,941;Cooperativa;COOPIDEAL - COOPERATIVA DE TRABALHO E PRODUÇÃO DOS CATADORES DE MATERIAIS RECICLÁVEIS IDEAL LTDA;
PERNAMBUCO;RECIFE;1180,467;408,266;Cooperativa;COOPMAR AL - COOPERATIVA DE TRABALHO DOS CATADORES DE MARECHAL DEODORO LTDA;
SÃO PAULO;PRAIA GRANDE;828,964;929,03;Cooperativa;COOPQUITUNGO - COOPERATIVA DE TRABALHO COOPQUITUNGO COOPERANDO E RECICLANDO O RIO LTDA;
SÃO PAULO;SÃO PAULO;821,776;902,049;Cooperativa;COOPREL AL MATRIZ - COOPERATIVA DE RECICLADORES DE ALAGOAS;
MINAS GERAIS;BELO HORIZONTE;915,424;786,827;Cooperativa;COOPRESAN - COOPERATIVA DE RECICLAGEM DE SANTAREM;
PERNAMBUCO;CABO DE SANTO AGOSTINHO;1185,209;442,442;Cooperativa;COORECI_SE - COOPERATIVA DE RECICLAGEM DA CIDADE DE ITABAIANA-SE;
RIO DE JANEIRO;RIO DE JANEIRO;944,185;887,709;Cooperativa;COOREG - COOPERATIVA DE TRABALHO DOS RECICLADORES DE GUARÁ;
SÃO PAULO;ITU;805,419;906,819;Cooperativa;COOREPAM - COOPERATIVA ALTERNATIVA DE CATADORES, RECICLAGEM E PRESERVAÇÃO DO MEIO AMBIENTE DO ESTADO DE MATO GROSSO;
MARANHÃO;SÃO LUÍS;909,24;248,156;Cooperativa;COOREPLAST - COOPERATIVA DE TRABALHO DE CATADORES DE MAT REC;
ALAGOAS;MACEIO;1154,412;463,338;Cooperativa;COORES - COOPERATIVA DE RECICLAGEM DO BAIRRO SANTA MARIA;
PERNAMBUCO;RECIFE;1168,405;416,542;Cooperativa;COORSITA - COOPERATIVA DE CATADORES DE MATERIAIS RECICLÁVEIS DO MUNICÍPIO DE ITABAIANINHA;
PERNAMBUCO;RECIFE;1186,985;426,803;Cooperativa;COOTAEG - COOPERATIVA DE TRABALHO DOS AGENTES ECOLÓGICOS DE GUANAMBI;
MINAS GERAIS;BELO HORIZONTE;903,123;781,412;Cooperativa;COOVIR - COOPERATIVA VIAMONENSE DE CATADORES E RECICLADORES;
MARANHÃO;SÃO LUÍS;894,096;266,045;Cooperativa;COPERBRAVA - COOPERATIVA DOS RECICLADORES DA UNIDADE DE CANABRAVA;
SÃO PAULO;CUBATÃO;833,98;920,48;Cooperativa;CORA - CORA COOPERATIVA DE TRABALHADORES DE MATERIAIS RECICLAVEIS DE ARUJA;
SÃO PAULO;RIBEIRÃO PRETO;789,627;830,586;Cooperativa;CORU - COOPERATIVA DOS RECICLADORES DE UBERLANDIA - CO.R.U;
SÃO PAULO;SÃO PAULO;840,462;902,049;Cooperativa;COTRAMAR - COOPERATIVA DE TRABALHO DE MANEJO E RECICLAGEM DE RESIDUOS SOLIDOS;
RIO GRANDE DO NORTE;NATAL;1178,617;347,351;Cooperativa;COTRARI - COOPERATIVA DE TRABALHO DE CATADORES DE MATERIAIS RECICLÁVEIS E DE RESÍDUOS SÓLIDOS DE RIBEIRÃO CLARO;
SÃO PAULO;SÃO PAULO;823,723;917,341;Cooperativa;CRUMA - CRUMA COOPERATIVA DE RECICLAGEM UNIDOS PELO MEIO AMBIENTE;
SÃO PAULO;SÃO JOSÉ DOS CAMPOS;853,421;903,473;Cooperativa;CTVP - CENTRO DE TRIAGEM DA VILA PINTO;
MINAS GERAIS;ITABIRITO;919,438;799,574;Cooperativa;ECOLOGICA DE SAO LCO DO SUL - ASSOCIACAO ECOLOGICA DE RECICLADORES DE SAO LOURENCO DO SUL;
SÃO PAULO;SÃO PAULO;811,486;908,813;Cooperativa;ECOS DO VERDE - ASSOCIAÇÃO DE RECICLAGEM E EDUCAÇÃO AMBIENTAL ECOS DO VERDE;
AMAZONAS;MANAUS;412,038;259,15;Cooperativa;FOLHA VERDE MATRIZ - COOPERATIVA MULTIFUNCIONAL DE CATADORES AMIGOS DO MEIO AMBIENTE DE MATERIAIS RECICLAVEIS DO MUNICIPIO DE VOLTA REDONDA;
SÃO PAULO;SÃO PAULO;812,352;924,211;Cooperativa;FUTURO ECOLOGICO - ASSOCIAÇÃO DE CATADORES DE MATERIAIS RECICLAVEIS FUTURO ECOLOGICO;
SÃO PAULO;MARÍLIA;726,912;867,934;Cooperativa;GUARARECICLA - COOPERATIVA DE TRABALHO GUARARECICLA DE COLETA SELETIVA E CONFECÇÃO DE PRODUTOS COM MATERIAIS RECICLÁVEIS;
SÃO PAULO;CAMPINAS;809,903;892,626;Cooperativa;GUARULHOS RECICLA - COOPERATIVA DE TRABALHO DE CATADORAS E CATADORES DE MATERIAIS RECICLAVEIS GUARULHOS RECICLA;
SÃO PAULO;SOROCABA;801,574;908,52;Cooperativa;LUTA E VIDA - COOPERATIVA DE TRABALHO DAS CATADORAS E CATADORES DE MATERIAIS RECICLAVEIS LUTA E VIDA;
SÃO PAULO;SÃO PAULO;835,354;907,673;Cooperativa;MOFARREJ - COOPERATIVA UNIÃO AMBIENTAL E ARTESANAL MOFARREJ;
SÃO PAULO;MOGI DAS CRUZES;847,409;908,057;Cooperativa;MPU RECICLE - ASSOCIAÇÃO DOS CATADORES DE MATERIAIS RECICLÁVEIS SOLIDARIA DO MUNICÍPIO DE MANACAPURU;
RIO GRANDE DO NORTE;NATAL;1165,705;342,194;Cooperativa;NOVA MUTUM - ASSOCIACAO DE COLETORES E SELECIONADORES DE MATERIAIS RECICLAVEIS DE NOVA MUTUM;
MINAS GERAIS;UBERLANDIA;792,707;756,432;Cooperativa;PADRE CACIQUE - COOPERATIVA PADRE CACIQUE PORTO ALEGRE;
PARAIBA;JOÃO PESSOA;1186,654;384,543;Cooperativa;PADRE FARIA - ASSOCIAÇÃO DE BENEFICIAMENTO E RECICLAGEM E PRESERVAÇÃO AMBIENTAL DO LIXO E MEIO AMBIENTE DA CIDADE DE OURO PRETO.;
CEARÁ;MARACANAU;1054,259;276,064;Cooperativa;PALHA DE ARROZ - Cooperativa Ecovida Palha de Arroz;
MINAS GERAIS;BELO HORIZONTE;917,505;786,827;Cooperativa;PANTANAL - ASSOCIAÇÃO DOS CATADORES DE MATERIAIS RECICLÁVEIS PANTANAL;
MINAS GERAIS;BELO HORIZONTE;928,752;788,99;Cooperativa;PINHEIRAL EM AÇÃO - COOPERATIVA DE TRABALHO DE CATADORES DE MATERIAIS RECICLÁVEIS PINHEIRAL EM AÇÃO;
GOIAS;GOIANIA;750,477;679,745;Cooperativa;PLASANI - ASSOCIACAO BENEFICENTE PLASANI;
RIO DE JANEIRO;RIO DE JANEIRO;954,024;882,496;Cooperativa;PLASFERRO - COOPERATIVA DE RECICLAGEM AMBIENTAL;
RIO DE JANEIRO;DUQUE DE CAXIAS;947,042;874,114;Cooperativa;PRO RECIFE - COOPERATIVA DE TRABALHO DE CATADORES PROFISSIONAIS DO RECIFE;
SÃO PAULO;SÃO PAULO;827,469;898,113;Cooperativa;RAIO DE SOL - ASSOCIAÇÃO DE CATADORES (AS) DE MATERIAIS RECICLÁVEIS RAIO DE SOL;
SÃO PAULO;SÃO PAULO;822,178;908,52;Cooperativa;RECICARMO - Associação de Agentes de Meio Ambiente de Carmo do Rio Claro;
BAHIA;SALVADOR;1078,068;573,776;Cooperativa;RECICLA BRASÍLIA - ASSOCIAÇÃO DE CATADORES DE MATERIAIS RECICLÁVEIS DO DISTRITO FEDERAL;
RIO GRANDE DO NORTE;PARNAMIRIM;1181,508;365,913;Cooperativa;RECICLA CONQUISTA - COOPERATIVA DE CATADORES RECICLA CONQUISTA;
BAHIA;SALVADOR;1108,036;547,677;Cooperativa;RECICLA FLORIPA - ASSOCIAÇÃO DE CATADORES DE RECICLÁVEIS ALTO DA CAIERA E SERRINHA;
PERNAMBUCO;JABOATAO DOS GUARARAPES;1154,358;429,304;Cooperativa;RECICLABEN - COOPERATIVA DE TRABALHO DE CATADORES DE MATERIAIS RECICLÁVEIS DE BENEVIDES;
CEARÁ;FORTALEZA;1067,552;307,292;Cooperativa;RECICLAMAIS ZONA OESTE - COOPERATIVA DE TRABALHO E PRODUÇÃO DE CATADORES DE MATERIAIS RECICLAVEIS DE BANGU LTDA;
CEARÁ;FORTALEZA;1054,259;294,071;Cooperativa;RECICLAR GUAMA - ASSOCIACAO DOS CATADORES DE RECICLAVEIS DE SAO MIGUEL DO GUAMA;
SÃO PAULO;TAUBATÉ;863,859;896,759;Cooperativa;RECICLAR/VR - COOPERATIVA POPULAR DOS AGENTES DO MEIO AMBIENTE DO MUNICÍPIO DE VOLTA REDONDA LTDA;
ALAGOAS;MACEIO;1156,632;479,979;Cooperativa;RECUPERLIXO - ASSOCIAÇÃO DOS CATADORES DE MATERIAIS RECICLÁVEIS E ECONOMIA SOLIDARIA DO MUNICÍPIO DA SERRA;
AMAZONAS;MANAUS;415,221;231,693;Cooperativa;RENASCER - COOPERATIVA DOS CATADORES DE PETROLINA;
DISTRITO FEDERAL;SAMAMBAIA;791,864;657,648;Cooperativa;REVIVE - ASSOCIAÇÃO VILA VELHENSE DE COLETORES E COLETORAS DE MATERIAIS RECICLÁVEIS;
SÃO PAULO;GUARUJÁ;844,697;921,168;Cooperativa;SANTOS DUMONT - ASSOCIAÇÃO DE CATADORES DE MATERIAL RECICLÁVEL DE SANTOS DUMONT;
SÃO PAULO;SÃO PAULO;833,98;913,338;Cooperativa;SUL RECICLA - ASSOCIAÇÃO DE CATADORES DE MATERIAIS RECICLÁVEIS SUL RECICLA;
BAHIA;SIMOES FILHO;1091,56;572,315;Cooperativa;UNICICLA NOVA UNIÃO - ASSOCIAÇÃO DOS CATADORES DE MATERIAIS RECICLÁVEIS DE NOVA UNIÃO / MG;
DISTRITO FEDERAL;CEILÂNDIA;807,672;654,625;Cooperativa;UNICICLAR - COOPERATIVA DE TRABALHO DOS CATADORES;
MINAS GERAIS;BELO HORIZONTE;909,779;785,466;Cooperativa;UNIDOS DO BAIRRO - ASSOCIAÇÃO DOS CATADORES DE MATERIAIS RECICLÁVEIS UNIDOS DO BAIRRO;
BAHIA;SALVADOR;1089,458;545,648;Cooperativa;UNIVALE - COOPERATIVA DE TRABALHO E RENDA DOS CATADORES UNIVALE;
MINAS GERAIS;BELO HORIZONTE;923,186;780,01;Cooperativa;UNIVALE PORTAO - COOPERATIVA DE TRABALHO E RENDA UNIVALE;
PARANÁ;CURITIBA;757,133;961,587;Cooperativa;UNIVALE SAO LEOPOLDO - COOPERATIVA DE TRABALHO E RENDA UNIVALE;
PARAIBA;JOÃO PESSOA;1173,047;389,038;Cooperativa;UNIVENCE - COOPERATIVA DE TRABALHO DE CATADORES DE MATERIAIS RECICLÁVEIS UNIDOS VENCEREMOS;
RIO GRANDE DO SUL;SANTA MARIA;610,786;1100,034;Cooperativa;VERDECOOP - COOPERATIVA DE RECICLAGEM E COMPOSTAGEM DA COSTA DOS COQUEIROS LTDA;
SÃO PAULO;SÃO PAULO;815,536;915,955;Cooperativa;VILA BETINHO - ASSOCIACAO DE CATADORES DE MATERIAIS RECICLAVEIS VILA BETINHO;
RIO DE JANEIRO;NOVA IGUACU;933,621;876,476;Cooperativa;VITÓRIA - ASSOCIAÇÃO DE CATADORES DE MATERIAIS RECICLÁVEIS VITÓRIA;
PERNAMBUCO;JABOATAO DOS GUARARAPES;1169,857;433,434;Cooperativa;VITÓRIA DO BELÉM - COOPERATIVA DE TRABALHO DE COLETA SELETIVA E RECICLAGEM VITORIA DO BELÉM;
ALAGOAS;MACEIO;1179,041;462,075;Cooperativa;YOUGREEN COOPERATIVA - YOUGREEN COOPERATIVA DE TRABALHO DE BENEFICIAMENTO DE MATERIAIS RECICLAVEIS;
AMAZONAS;MANAUS;439,659;263,892;Cooperativa;ZEITZ - ASSOCIAÇÃO DE CATADORES DE MATERIAIS RECICLÁVEIS ZEITZ;
AMAZONAS;MANAUS;425,158;252,7;Fabricante;Brasal Refrigerantes;"Doação:
Dinheiro para compra de equipamentos para UTIs (ventiladores mecânicos, máscara, luvas e álcool em gel)"
CEARÁ;FORTALEZA;1068,692;292,292;Fabricante;Coca-Cola Andina ;"Doação: 
23,4 mil litros de água mineral 
5 mil garrafas PET
Transporte de 90 mil litros de álcool líquido"
GOIAS;TRINDADE;760,073;677,828;Fabricante;Coca-Cola Bandeirantes ;"Doações:
2,5 mil litros de álcool em gel
60 mil unidades de pré-formas para envase de álcool em gel"
DISTRITO FEDERAL;BRASILIA;809,754;663,96;Fabricante;Coca-Cola Femsa;"Doações:
6 mil máscaras de proteção
170 mil litros de álcool em gel 
2 mil garrafas PET
2 mil tampas de garrafas PET"
MINAS GERAIS;LAVRAS;877,167;813,598;Fabricante;CVI REFRIGERANTES;"Doação:
6 mil garrafas PET com tampa"
MINAS GERAIS;UBERLÂNDIA;806,685;756,808;Fabricante;Grupo Simões;"Doações:
1 milhão de unidades de água mineral 
23 toneladas de cestas básicas
12,6 mil produtos (latas 350ml)
2,5 mil garrafas PET
63 bombonas"
RIO DE JANEIRO;RIO DE JANEIRO;937,943;885,263;Fabricante;Leão Alimentos e Bebidas;"Doações:
400 unidades de máscaras e aventais 
14 mil produtos Coca-Cola/Leão "
SÃO PAULO;SÃO PAULO;839,992;908,86;Fabricante;Solar Coca-Cola;"Doações:
400 mil garrafas PET com tampa 
3 mil cestas básicas
18,3 mil produtos Coca-Cola"
SÃO PAULO;SOROCABA;821,21;908,056;Fabricante;Sorocaba Refrescos ;
SÃO PAULO;SÃO PAULO;830,866;913,053;Fabricante;Uberlândia Refrescos ;
RIO GRANDE DO SUL;SANTA MARIA;629,901;1093,261;Fabricante;Verde Campo;"Doação:
1 mil unidades de produtos Verde Campo"
